CREATE DATABASE NHANVIEN

USE NHANVIEN

CREATE TABLE NHANVIEN
(
	MaNV VARCHAR(20) NOT NULL PRIMARY KEY,
	TenNV VARCHAR(50),
	HoNV VARCHAR(50),
	NgaySinh DATE,
	DiaChi VARCHAR(100),
	Phai VARCHAR(20),
	Luong BIGINT,
	MaNQL VARCHAR(20),
	MaPHG VARCHAR(20)
	CONSTRAINT FK_NV_NV
	FOREIGN KEY (MaNQL) REFERENCES NHANVIEN(MaNV)
)

CREATE TABLE PHONGBAN
(
	MaPHG VARCHAR(20) NOT NULL PRIMARY KEY,
	TenPHG VARCHAR(50),
	NgNhanChuc DATE,
	TruongPHG VARCHAR(20) NOT NULL
	CONSTRAINT FK_PB_NV
	FOREIGN KEY (TruongPHG) REFERENCES NHANVIEN(MaNV)
)

ALTER TABLE NHANVIEN 
ADD CONSTRAINT FK_NV_PB FOREIGN KEY (MaPHG) REFERENCES PHONGBAN(MaPHG)

CREATE TABLE DIADIEMPHG
(
	MaPHG VARCHAR(20) NOT NULL,
	DiaDiem VARCHAR(50) NOT NULL
	CONSTRAINT PK_DDP_PB
	PRIMARY KEY (MaPHG, DiaDiem),
	CONSTRAINT FK_DDP_PB
	FOREIGN KEY (MaPHG) REFERENCES PHONGBAN(MaPHG)
)

CREATE TABLE THANNHAN
(
	TenTN VARCHAR(50) NOT NULL,
	MaNV VARCHAR(20) NOT NULL,
	Phai VARCHAR(20),
	NgaySinh DATE,
	QuanHe VARCHAR(50)
	CONSTRAINT PK_TN_NV
	PRIMARY KEY (TenTN, MaNV),
	CONSTRAINT FK_TN_NV
	FOREIGN KEY (MaNV) REFERENCES NHANVIEN(MaNV)
)

CREATE TABLE DEAN
(
	MaDA VARCHAR(20) NOT NULL PRIMARY KEY,
	TenDA VARCHAR(50),
	DiaDiemDA VARCHAR(50),
	MaPHG VARCHAR(20) NOT NULL
	CONSTRAINT FK_DA_PB
	FOREIGN KEY (MaPHG) REFERENCES PHONGBAN(MaPHG)
)

CREATE TABLE PHANCONG
(
	MaNV VARCHAR(20) NOT NULL,
	MaDA VARCHAR(20),
	ThoiGian FLOAT
	CONSTRAINT PK_PC_NV_DA
	PRIMARY KEY (MaNV, MaDA),
	CONSTRAINT FK_PC_NV
	FOREIGN KEY (MaNV) REFERENCES NHANVIEN(MaNV),
	CONSTRAINT FK_PC_DA
	FOREIGN KEY (MaDA) REFERENCES DEAN(MaDA)
)

INSERT INTO NHANVIEN(MaNV, TenNV, HoNV, NgaySinh, DiaChi, Phai, Luong) VALUES
('NV001', 'A', 'Nguyen', '1970-01-01', 'Hai Chau', 'Nam', 9000000),
('NV002', 'Tung', 'Nguyen', '1975-05-10', 'Lien Chieu', 'Nam', 8000000),
('NV003', 'Nhu', 'Le', '1980-07-20', 'Son Tra', 'Nu', 7000000)

INSERT INTO PHONGBAN(MaPHG, TenPHG, NgNhanChuc, TruongPHG) VALUES 
('P001', 'Nghien cuu', '2000-12-01', 'NV001'),
('P002', 'Dieu hanh', '2005-09-15', 'NV002'),
('P003', 'Quan ly', '2010-10-20', 'NV003')

UPDATE NHANVIEN SET MaPHG = 'P001' WHERE MaNV = 'NV001'
UPDATE NHANVIEN SET MaPHG = 'P002' WHERE MaNV = 'NV002'
UPDATE NHANVIEN SET MaPHG = 'P003' WHERE MaNV = 'NV003'

INSERT INTO NHANVIEN(MaNV, TenNV, HoNV, NgaySinh, DiaChi, Phai, Luong, MaNQL, MaPHG) VALUES
('NV004', 'Khanh', 'Le', '1880-07-25', 'Lien Chieu', 'Nam', 5000000, 'NV001', 'P001'),
('NV005', 'Anh', 'Nguyen', '1990-10-10', 'Cam Le', 'Nu', 4500000, 'NV001', 'P001'),
('NV006', 'Uyen', 'Pham', '1991-09-20', 'Lien Chieu', 'Nu', 700000, 'NV002', 'P002'),
('NV007', 'Ha', 'Le', '1996-12-20', 'Hai Chau', 'Nam', 6500000, 'NV002', 'P002'),
('NV008', 'My', 'Tran', '1995-07-22', 'Hoa Vang', 'Nu', 7500000, 'NV003', 'P003'),
('NV009', 'Son', 'Nguyen', '1992-08-20', 'Lien Chieu', 'Nam', 6000000, 'NV003', 'P003'),
('NV010', 'Thu', 'Le', '1996-02-27', 'Hai Chau', 'Nu', 6500000, 'NV003', 'P003')

INSERT INTO DIADIEMPHG VALUES
('P001', 'Lien Chieu'),
('P002', 'Hai Chau'),
('P003', 'Son Tra')

INSERT INTO THANNHAN(MaNV, TenTN, Phai, NgaySinh, QuanHe) VALUES
('NV001', 'Nguyen Hai Son', 'Nam', '2000-10-21', 'Con'),
('NV001', 'Nguyen Minh Anh', 'Nu', '2002-09-04', 'Con'),
('NV003', 'Tran Minh', 'Nam', '1973-10-21', 'Chong'),
('NV004', 'Le Thanh', 'Nam', '2010-04-21', 'Con'),
('NV005', 'Le Chi', 'Nu', '1960-10-25', 'Me')

INSERT INTO DEAN(MaDA, TenDA, DiaDiemDA, MaPHG) VALUES 
('DA001', 'He thong quan ly khach san', 'Son Tra', 'P001'),
('DA002', 'He thong quan ly sinh vien', 'Hai Chau', 'P002'),
('DA003', 'He thong quan ly nha hang', 'Lien Chieu', 'P003'),
('DA004', 'Phan mem chuyen van ban thanh giong noi', 'Hoa Vang','P001'),
('DA005', 'Phan mem tu dien Anh Viet', 'Thanh Khe','P002'),
('DA006', 'Phan mem trac nghiem Tieng Anh', 'Cam Le','P002')

INSERT INTO PHANCONG(MaNV, MaDA, ThoiGian) VALUES
('NV001','DA001', 100),
('NV002','DA002', 150),
('NV003','DA003', 200),
('NV004','DA001', 100),
('NV007','DA005', 50),
('NV008','DA005', 10),
('NV010','DA006', 30)

-- 4. Cho biết mã nhân viên có tham gia đề án hoặc có thân nhân
(SELECT MaNV FROM PHANCONG)
UNION
(SELECT MaNV FROM THANNHAN)

-- 5. Cho biết mã nhân viên có người thân và có tham gia đề án
(SELECT MaNV FROM THANNHAN)
INTERSECT 
(SELECT MaNV FROM PHANCONG)

-- 6. Cho biết mã nhân viên không có thân nhân nào
(SELECT MaNV FROM NHANVIEN)
EXCEPT 
(SELECT MaNV FROM THANNHAN)